"ADOBE","AIRLIQUIDEGROUP","ALSTOM","ARCELORMITTAL","CAPGEMINI","CISCO","ENGIEGROUP","FORRESTER","GENERALELECTRIC","INTEL","MAERSKLINE","ORACLE","PUBLICISGROUPE","REXEL_GROUP","SAFRAN","SALESFORCE","SOLVAYGROUP","TECHNIPGROUP","VMWARE"
"adobe","hydrogen","alstom","steel","digital","cisco","energy","report","ge","intel","shipping","cloud","marketing_firm","rexel","pas17","salesforce","solvay","technip","cloud"
"new","airliquide","train","arcelormittal","fintech","iot","engie","top","ceo","new","maersk","oracle","military_vets","sustainable_development","safranbourget","via","new","brasil","vmware"
"design","new","new","lakshmi_mittal","ai","new","innovation_africa","will","new","powered","blockchain","via","let_know","2017","aircraft","new","solutions","rj","new"
"via","station","first","new","new","network","impressed_vitality","via","via","ai","global","new","westandwithseanhannity_christheclownmatth","drive_digitaltransformation","studied_paris","ai","business","de","learn"
"see","ch2ange","rail","company","innovation","networkintuitive","read_linkedin","ai","will","newegg_giving","container","data","publicis_groupe","it4ipm_use","engines","sales","sustainable","janeiro","vsphere"
"great","ht","trains","sustainability_sdoutcomes","2017","see","vivatech","cx","great","away_two","line","learn","vivatech","read_listen","safran","great","re","rio","vmworld"
"will","ceo","coradia_ilint","london_look","cloud","via","concours_diyaone","digital","re","powered_custom","trade","follow","ceo","2016_activity","leap","crm","sustainability","expansion_also","via"
"work","energytransition","world","forward_business","business","great","new","now","women","incredible_xseries","blockchain_helps","ai","maurice_lévy","strategy_large","b737_max","learn","science","business_supplement","security"
"now","energy","metro","ji_lunch","bigdata_analytics","will","ceo","wave","world","rigs_valued","customers_business","business","2017","projects_innovations","130_aircraft","marketing","will","includes_feature","see"
"marketing","didyouknow","highspeed","enjoyed_meeting","brief_datascience","today","innovweekengie","customer","ht","600_enter","confirm_maersk","oow17","new","thanks","rafale_a380","thanks","materials","leads_3m","now"
"adobesummit","airliquideistransforming","hydrogen","will","machinelearning_ml","learn","will","webinar","one","will","systems_safety","will","year","report_online","nh90_patroller","now","us","tomorrow_jobs","today"
"thanks","2017","tram","htt","capgemini","security","energy_transition","copy","us","technology","people_top","join","arthur_sadoun","performance","will_feature","today","innovation","vitória","vsan"
"digital","discover","transport","forward","history_ai","tech","africa_read","11","balancetheequation","vr","priority_updat","future","breakbondbuild","bifmawards","iebc_system","business","future","flexibrás","great"
"time","paris","line","industry","contentloop","cloud","better_energy","new","leadership","360_replay","supplychain","us","publicis","activity_find","rafale","see","clamadieu","aei","nsx"
"next","will","france","thanks","will","innovation","political_empowerment","business","manufacturing","see","via","service","chairman_ceo","lies_center","irregularly_develop","work","today","es","2017"
"use","1st","aptis","ceo_mr","dataviz_ht","clus","access_way","learn","thanks","core_i7","cyber_attack","help","maurice_levy","pillars_strategy","middle_man","blog","jp_clamadieu","cable","infrastructure"
"make","shares_vision","1st","running_bathinda","capgemini50","team","linkedin","2017","see","iot","will","now","via","broad_information","manwa_magoma","thank","first","verdantixehs","vmworld_2017"
"re","htt","10_years","co_engaged","via","networking","great","2018","today","tech","ibm","see","media","accessibility_industrialized","btn_uhuruto","re","automotive","summit","data_center"
"experience","future","rail_speedrecord","refinery_looking","iot","thanks","future","see_ranked","company","win","solution","today","today","uses_integration","hacker_alert","customer","cop23","experts","iot"
"2017","thanks","energy_efficient","pleasure_meet","report","tools","solar","leader","work","year","bizofblockchain","enterprise","ai","approach_omni","engine","df17","year","installation","find"
"flash_player","role","smartermobility","innovation","great","cybersecurity","meet_vivatech","cpq_vendors","digital","raffle","organize_200","security","professional_assistant","2016","will","cloud","proud","colleagues","check"
"one","today","will","mittal","banking","data","solutions","apttus_came","innovation","win_cool","interactions_take","database","marcel","bifmawards_sponsors","new","will","world","former","will"
"photoshop","one","hydrogen_fuel","2017","future","collaboration","renewables","read","jeff_immelt","prizes_eslone","solution_save","2017","agency","energy","today","best","global","congratulations","customers"
"tech","proud","mobility","business","learn","data_dump","france","data","future","now","move_container","great","platform_powered","cha","day","team","2017","speak","team"
"using","h2","run","us","data","cia_spying","startups","marketing","now","via","says","customers","advertising","discover","pas17_salondubourget","einstein","time","merger","re"
"end_2020","startups","cell_passenger","re","technology","us","innovation","tech","leading_digital","future","update","bigdata","ai_machine","innovation_technology","aerospace","transforming","composites","now","thanks"
"art","open","developed","great","blockchain","2017","today","join","thank","enter","ship","tech","will","solutions","system","one","support","us","time"
"ll_stop","us","100_electric","plant","us","future","read_opinion","iot","tech","re","one","erp","canneslions","great","booth","2017","thanks","successful","vexpert"
"updating_distributing","let","one","europe","today","john_chambers","fear_future","see","industrial_company","core","customers","apps","ad","increase","avgeek","companies","market","17","day"
"cloud","support","km","mt","find","digital","gas","customers","cmo_world","5g","now","cx","great","today","see","salesforcetour_salesforceworldtour","now","join","blog"
"look","powered","passenger","sustainability","world","security_vulnerabilities","via","cloud","help","htt","logistics_industry","find","great_news","quarter","somewhere_world","100_inside","great","march","read"
"plans_look","society_potier","didyouknow","ilva","join","scramble_reveals","french","named_leader","power","content","2nd_generation","platform","introducing_first","strategy","us","telephony_1st","polymers","increasing","us"
"today","view_towards","watch","ceo","sapphirenow","know","world","predictions","htt","one","industry","management","learning_marcel","infor_m3","come","join","industry","efficiency","free"
"love","view","take_look","good","insurtech","technology","thanks","experience","iot","next","madridmaersk","hcm","see_next","sustainable_companies","iebc_france","data","ceo","pipeline","help"
"know","industrialgas","thanks","chairman_ceo","team","business","project","bigdata","business","chance_win","30_people","oracleemp","transformation","firm_corporate","kiems_single","service","day","best","one"
"ai","innovation","experience_mobility","first","help","re","day","us","time","great","200_interactions","iot","closing_time","patrick_berard","manwa_chief","top","partner","15","solutions"
"help","healthcare","ht","aditya_mittal","latest","now","mobility","mobile","commercial","thanks","container_many","larry_ellison","data","systems","sh3_6billion","us","work","energy","know"
"future","great","system","today","now","ai","power","digitaltransformation","next_ceo","learn","us","read","marketing","management","integrate_machine","day","high_performance","opteurope","virtualization"
"partnership","industry","run_80","via","year","proud","meet","download","love","4k60_pro","organize","check","world","sponsor","broker_btn","ohana","need","speakers","tech"
"prizeitforward","new_visual","pendolino","fabricoflife","innovatorsrace50","day","avec","analytics","women_stem","7700k_upgrade","new","time","digital","electrical","lima17_airshow","help","check","newsletter","join"
"hands","world","years","one","services","shares","thank","devops","energy","new_follow","border_supplychain","using","marketers_advertisers","named_world","sensors_weapons","customers","help","employers","business"
"day","openinnovation","world_premiere","ecostruxure_plant","insights","work","wind","find","100_million","content_4k","great","innovation","business","results","sourced_chil","time","aerospace","greaternoida","features"
"cc","project","tram_depot","make","tech","world","ready","insights","women_science","core_processor","billions","digital","see","new","engines_displayed","salesforcetour","solvayprize","business","solution"
"need","thank","makeinindia","see","analytics","video","see","analyst","solar_panels","computer","world_largest","connected_organization","2018","exeter_info","booth_hb345","company","composite","sector","hybrid"
"now_wants","paris_orly","2016_17","thank","read","partner","revolution","research","modern_grid","webbys","world","customer","says","read","let_look","use","jean_pierre","one","enterprise"
"nothing_stop","fuel_cell","1st_successful","year","cwin17","help","startup","b2b","stem","today","first","technology","platform","berard_ceo","m88_tp400","amazing","part","industry","mwc17"
"tech_demos","welcome","germany","global","ht","wearecisco","challenge","according","temporarily_covered","15_years","containers","analytics","one","apply_devon","work","make","performance","register","work"
"power_two","potier","metro_lines","future","trends","partnership","paris","today","handles_solareclipse","find","first_industry","latest","creative","specialized_research","htt","using","chemistry","subsea","take"
"good","tomorrow","india","automotive","see","time","first","technology","millie_dresselhaus","zuriel_oduwole","wide_cross","says","accelerating_digital","future_ev","thanks","tech","one","brightest","management"
"world","new_logo","eco_designed","st","cybersecurity","one","lng","watch","make","produced_documentaries","close_normal","ht","thanks","ceo_talking","2017","community","team","read","dellemcworld"
"adobelife","day","ultra_light","made","customer","customers","hazelwood","trends","technology","old_advertiser","read","team","global","top_100","aviation","know","companies","vital","innovation"
"mobile","airliquideistransforming_shows","trams_citadis","ln_mittal","bigdata","traffic","de","technologies","will_stand","congrats_monsters","cco","re","congratulations","charging_iot","year","list","applications","countr","latest"
"video","mobilityweek","accessible_100","strong","cloudnative","join","read","forrester","kudos","won_three","cargo","day","agencies","line","engine_made","love","working","गय","network"
"way","iot","97_rec","construction","happy_birthday","live","team","future","merck_ceo","processor","see","make","groupe","clients","french","check","conference","subseatieback","ht"
"don","hint","regional_trains","people","thanks","next","oil_gas","strategy","good","women_owned","latest","marketing","video","knights","a320neo","need","movinonconf","offshore","platform"
"makeitanexperience","acquisition","powered","world","customers","solutions","smart","study","science","businesses_vital","re_edging","hr","awards","revolution2017_650","25_000","event","technology","expand","best"
"flash","see","contract","big","top","check","htt","security","always_trending","pls_source","closer_normal","finance","htt","info_apply","team","want","news","edgecertified","support"
"customers","co_chair","systems","2016","lifeatcapgemini","thank","says","re","industrial","step_achieve","state_business","us_tech","now","paris","one","future","find","computerlab","congrats"
"support","germany","railway","world_first","industry","best","renewable","next","trump","genderequality_sheownsit","maiden_voyage","epmcloud","lévy","sponsored","first_flight","proud","congrats","बच","year"
"data","work","innovation","support","one","need","now","platforms","female_scientists","drones","2017","1st_2nd","officer","00","discover","platform","better","लग","public"
"software","filling_station","aboard","eu","says","meet","us","register","resign_trump","first","supply_chain","iaas","bertelli_cco","kellihers_electrical","solutions","lightning","welcome","houston","details"
"want","congrats","100","design_new","join_us","partners","uk","10","experience_world","8th_gen","ibm_unveil","companies_founded","future","ff_latest","didyouknow_every","world","solvaylife","partner","week"
"still","france","htt","check","day","ht","isabelle_kocher","great","ken_frazier","data","maritime","generation_immigrants","work","systems_finalists","systems","awesome","plastics","learn","good"
"us","step_forward","video","day","work","says","largest","free","tap_expand","lebron_james","thank","sales","first","first","great","success","material","oilandgas","aws"
"learn","potier_ceo","17","says","global","ceo","partner","success","know","us","news_unveil","blockchain","company","ff","next_generation","year","discover","भवन","partner"
"please","tsparis","low_floor","team","digitaltransformation","first","storage","companies","additive_manufacturing","using","port","one","ht","innovative","booth_hall","congrats","use","responsereadiness","digital_workspace"
"illustrator","benoît_potier","uitp2017","now","top_10","companies","re","platform","advisory_couincil","gaming_pc","year","best","according","customers","first","good","congratulations","women","use"
"people","first","presented","market","meet","year","vivatech_ready","management","day","buywomenowned","ht","thanks","best","know","fuel","find","plant","proud","proud"
"hey","market","first_zero","built","companies","event","solutions_light","latest","need","seen","customers_partners","next","new_role","sales","view_stand","leaders","key","sonangol","want"
"creative","ch2ange_moving","industry","home_luxembourg","sap","read","event","automation","boston","time","apac_ceo","company","innovation","ipg","2016","equalityforall","customers","project","top"
"thank","identity","solution","arcelormittal_announces","experts","platform","thousands_homes","transformation","mexico","ad","quick_message","top","big","days","show","first","energy","angola","partnership"
"business","team","commercial_service","finally_winning","journey","make","india_cop21","experiences","honor_named","power","safe_receive","big","re","person","enjoy_spectacular","salesforceohana","ve","resource","center"
"check","solutions","signalling","mining","first","change","lowcost_solar","firms","ceo_proud","make","reassure_domain","live","since_taking","delighted_announce","know","way","must","umbilicals","first"
"content","company","make_800","announced_built","experience","excited","partnership","solutions","follow_transformational","cpu","today","htt","france","30_sapqualityawards16","gameofdrones_lift","proud_work","using","plant","using"
"create","vivatech","high_power","india","minutes","new_era","exploration_production","marketers","first","time_fight","largest","applications","ai_platform","rewindhour","world","iot","join","offshorewind","foundation"
"live","makes_happen","energy","luxembourg","re","congrats","business","says","jet_engines","banished_halowars2","vessel","support","industry","sap_bfc","nacelles","come","company","ae","software_defined"
"team","results","vc","work","using","company","one","key","loved_message","good","using","use","watch","ht","first_time","tips","live","identity","come"
"life","dr_hirose","discover","read","week","amazing","hydrogen","2021","forgot_mention","need","trip","companies","publicis_spine","35_performance","via","ceo","happy","savings","partners"
"year","stay_tuned","power","european","insurance","use","june_15","year","tv_yesterday","pc","latest_update","strategy","day","award_argent","meet","join_us","see","helped","register"
"right","digital","lines","sdoutcomes","digital_transformation","solution","2017","gdpr","guys_saw","give","company","integration","latest","come","saf","experience","polymer","members","technology"
"made","partnership","great","7m_tons","will_los","find","time","use","companies","watch","thanks","want","lot_take","internal_sales","electric","dreamforce","make","images","ready"
"take","produce","developing_electric","latest","francisco_30","ciscodna","plant","enterprise","20_000","day","earlier_year","java","launches","half_year","france","live","process","think","data"
"go","society","kochi","production","angeles_san","software","market","sales","global","don","see_captain","need","say_changed","managing","f35_roars","partnership","portfolio","ft","next"
"really","air_liquide","right_track","building","acceleration_bugatti","support","partners","market","backs_nafta","north_carolina","madridmaersk_embarked","step","tech","lighting","innovation","technology","create","check","don_miss"
"ll","find","upcoming_factory","need","years","love","one_world","value","support","ve_never","business","services","team","branch","partnership","tower","ready","pmoindia","software"
"stand_made","clean_mobility","electric_locomotives","carbon","birthday_us","week","part","named","voices_support","check","video","world","us","cat_fast","future","read","ben_feringa","confirms","future"
"students_bullied","cc","will_built","helped_make","50_years","talk","iot","content","read","experience","cross_border","modern","loo","impressive","project","excited","digital","anchors","need"
"faith_time","japan","citadis_tram","using","know","secure","congratulations","brand","blow_trump","innovation","good","work","june_2017","evcharging_event","leap_behind","app","teamscience","shoutoutsaturday","video"
"42_muslim","used","11_years","magnelis","banking_trends","enterprise","projects","need","treated_great","technology_really","hamburg_süd","move","stay_tuned","see","scenes","next","composite_materials","2017","mobile"
"creative_cloud","public","operation","mill","banks","watch","digital","dataanalytics","boycott_pyeongchang2018","experience_side","digital","ceo","chief","will_solarpv","come_meet","people","develop","starts","thank"
"update","airport","delivers","unnovasteel","apis","want","geothermal","time","roles_2020","thank","triple_vessel","experience","people","delivery","parts","world_tour","next","schlumberger","service"
"making","connect","light","best","live","tim_cook","en","impact","people","never_experiencemore","news","mobile","campaign","hec_coûts","m88","meet","specialty_polymers","transfer","event"
"best","come_meet","congratulations_raising","top","key","connected","low","consumers","team","ready","working","solutions","women","partner","now","look","people","stake","htt"
"experiences","know","transport_future","products","automation","join_us","thierry_lepercq","blog","3d_printed","video","service","based","icymi","cork_7th","every_seconds","apps","employees","million","vmworld2017"
"think","bigdata","startupfunding_yostartups","alan_knight","make","big","electricity","guest","industry","drones_next","maiden_call","event","awards_next","thank","check","innovation","wef17","top","go"
"going","stations","14_97m","zenica","need","come","la","q1_2017","says","gaming","wondered_container","global","brand","s1000","sky","congratulations","via","better","hyper_converged"
"products","together","metro_made","project","people","latest","merci_beaucoup","take","want","work","tracks_cargo","know","cannes","approach","equipped_lands","better","climatechange","services","guide"
"back","fuel","facts","making","way","good","iot_greener","cxnyc","don","replay_technology","logistics","year","ces_sxsw","product","fly_program","part","learn","morocco","hands_lab"
"working","pr","manchester_longsight","meeting","cx","look","join","customerexperience","chairman","help","good_news","paas","next","chose","program","ways","let","remaining","started"
"amazing","shares","meet","part","watch","experience","utility_company","investments","lived_world","use","triple","better","interview","scalability","parisairshow","equality","local","forgotten","download"
