"('@Intel',)","('@Salesforce',)","('@Adobe',)","('@Capgemini',)","('@Forrester',)","('@Cisco',)","('@Generalelectric',)","('@Alstom',)","('@Oracle',)","('@MaerskLine',)","('@VMware',)","('@ArcelorMittal',)","('@airliquidegroup',)","('@SAFRAN',)","('@PublicisGroupe',)","('@ENGIEgroup',)","('@SolvayGroup',)","('@TechnipGroup',)","('@Rexel_Group',)","('@VolvoTrucksFR',)","('@orexad_FR',)","('@orexad',)"
"@Intel","@salesforce","@AdobeSensei","@JimMarous","@practicingEA","@ChuckRobbins","@GEHealthcare","@MarkVHurd","@Maersk","@VMwareNSX","@Constructalia","@energy_observer","@SAFRAN","@LeoBurnett","@isabelle_kocher","@jpclamadieu"
"@Acer","@Dreamforce","@AdobeInsights","@LannySCohen","@Forrester","@rowantrollope","@GEAviation","@OracleCloud","@APMTerminals","@VMwarevSphere","@ArcelorMittalUS","@VivaTech","@SafranElecDef","@VivaTech","@ENGIEFab","@bertrandpiccard"
"@Lenovo","@Trailhead","@Photoshop","@Efma_news","@Forbes","@OneRepublic","@Predix","@ReggieBradford","@ShippingWatch","@PGelsinger","@ArcelorMittalBE","@pefranc","@SafranEngines","@Womens_Forum","@bertrandpiccard","@solarimpulse"
"@Olympics","@Salesforce","@Microsoft","@vi_k","@jgownder","@IDEALondon","@JeffImmelt","@OracleDataCloud","@IBMBlockchain","@vmware","@ftlive","@odelab","@SafranLandingS","@bbhlondon","@evbox","@SMCFrance"
"@intel","@IBM","@Project1324","@SAP","@BrendanWitcher","@KarMWalker","@jeffimmelt","@OracleTennis","@PortTechnology","@VMwarevSAN","@ArcelorMittalES","@actionaria","@SafranNacelles","@rishad","@ENGIE_CofelyFR","@CNRS"
"@Fisher85M","@trailhead","@DonnaCMorris","@NHInsight","@jmcquivey","@CiscoNetAcad","@GE_Power","@OracleTeamUSA","@vantrooijen","@VMworld","@AMOstrava","@anne_bardot","@SafranHCEngines","@PublicisMedia","@SymbioFCell","@EloCha19"
"@BMW","@CommerceCloud","@NASA","@fwammes","@RickParrishGCX","@KevinFBandy","@AlieWard","@WSJ","@davinarapaport","@spoonen","@ArcelorMittal_D","@techstars","@CFM_engines","@TheDrum","@VivaTech","@IndustriALL_GU"
"@TobyMarkStrong","?https","@FilipHodas","@kees_jacobs","@fatemehx2","@CiscoSpark","@GEResearch","@OracleERPCloud","@NYTEnergy","@vmwarevsan","@BAU_Muenchen","@HydrogenCouncil","@SafranElectric","@zenith","@solarimpulse","@ESPCI_Paris"
"@Dell","@MarketingCloud","@StoddardCA","@WFSULLIVAN3","@marketingdive","@DavidGoeckeler","@DontTryThis","@jrwashley","@TheTullip","@DellTech","@AMS_magazine","@WagaEnergy","@Airbus","@wwsaatchi","@OL","@pintofscienceFR"
"@NASA","@FortuneMagazine","@Adobe","@capgemini","@martha_bennett","@ChrisDedicoat","@JohnFlannery_GE","@oracleopenworld","@nytimes","@vmwarecode","@ArcelorMittalF","@FlashTweet","@SafranTalent","@ArthurSadoun","@brunobensasson","@Inafr_officiel"
"@ValaAfshar","@KeithBlock","@Twheat","@Gartner_inc","@CIOonline","@HiltonRomanski","@GEenergyConnect","@NetSuite","@MarkoMihajic","@PowerCLI","@ArcelorMittalPL","@CNRS","@BoeingAirplanes","@Lagarde","@BxMetro","@DiscoveryFR"
"@KingJames","@SalesforceOrg","@zolloc","@BPOTech","@NigelFenwick","@AppDynamics","@GE_Ventures","@OracleSCA","@CNBC","@vmwarensx","@CWIEMEexpo","@ubleam","@SafranUSA","@Digitas","@CarrefourFrance","@wbcsd"
"@Parleyxxx","@ServiceCloud","@_dantom","@CJStancombe","@TedSchadler","@maciejkranz","@FallonTonight","@dTechHS","@JOC_Updates","@MichaelDell","@ArcelorMittalD","@ToyotaMotorCorp","@Dassault_OnAir","@microsoftfrance","@IoT4GreenCities","@socialmediaclub"
"@Microsoft","@iamwill","@AdobeCare","@GE_Digital","@eiannopollo","@RowanTrollope","@Shinola","@OracleHosp","@LloydsList","@DellEMC","@climateb2b","@hypeTaxi","@salondubourget","@PublicisConseil","@Paris2024","@karimhajjar_CFO"
"@Mobileye","@Google","@adobestock","@UberEng","@MyCustomer","@s_slate90","@GErenewables","@ORCLCitizenship","@Maritimegeek","@therealtomcorn","@LanzaTech","@GroupeADP","@ZodiacAerospace","@Cannes_Lions","@IfopEnergies","@HECParisMBA"
"@bkrunner","@tony_prophet","@scgormley","@DanLatimore","@anjalilai","@rubaborno","@GE_oilandgas","@OracleMktgCloud","@BloombergTV","@vRealizeOps","@arcelormittal","?https","@Boeing","@EuroBizMedia","@FFVL","@DynaSys"
"@GHSTlordlambert","@Quip","@therealsager","@craigjconte","@Thomas_Husson","@DetectedMovie","@GE_Digital","@Inc","@FT","@VMTNcommunity","@acdrtweet","@AMA_SAfrance","@GifasOfficiel","@marcelagency","@CONNIT_IoT","@Loik_Mael_Nys"
"@Asus","@Amy_E_Weaver","@Victoria_Pavlov","@annairrera","@MelissaRParrish","@CiscoServices","@AvioAero","@the_steve_cox","@Gulfood","@WavefrontHQ","@worldsteel","@Lecocq_dom","@SalonDuBourget","@mvsparkww","@Isabelle_Kocher","?Science"
"@NFL","@amy_e_weaver","@adriandparker","@Swedbank","@MediaPost","@libertymadison","@upskillio","@americascup","@lloydslistasia","@emad_younis","@ArcelorMittal_L","@LinkedIn","@AirbusHC","@CNBC","@SG_CIB","@AlibabaGroup"
"@Double0AG","@WEF","@thevonwong","@pega","@lauraramos","@wwt_inc","@GEVoices","@OracleHCM","@AlCasty","@Codydearkland","@FT","@Groupama","@ellesbougent","@Microsoft","@sigfox","@PascalJuery"
"@maketimenowblog","@RetailWeek","@S1T2","@Luisw19","@CIO_NZ","@FollowMercy","@GE_Additive","@Gartner_inc","@CNBCi","@WorkspaceONE","@MobileBaykeeper","@FDJ","@_SafetyLine","@business","@StanfordBiz","@movinonconf"
"@Bkrunner","@AppExchange","@mazakiiz","@cathaypacific","@joestanhope","@NASA","@GERenewables","@oracle","@wef","@AirWatch","@CityLuxembourg","@proxem","@Michelin","@msl_group","@MehdiManaSport","@Davos"
"@JoshuaAlanYoung","@hivehome","@teamlab_news","@rwang0","@lizherbert","@PrashanthShenoy","@GETRANSPORT","@OracleServCloud","@mehirzel","@VMwareHorizon","@DBCargoUK","@Groupe_Renault","@safran","@adage","@WorldEmojiDay","@PensoGroup"
"@gzeap","@Tony_Prophet","@TinyAtlasQtrly","@CapgeminiAIE","@TheDrum","@conchitadiaz78","@donttrythis","@TechTarget","@Microsoft","@DuncanYB","@ArcelorMittalG","@PolyShape","@PowerJet","@lagarde","@ENGIEelectrabel","@ChemicalTour"
"@parleyxxx","@wef","@fireart_studio","@Efma_News","@mgualtieri","@WAIRfr","@Celtics","@jdasteel","@FelixstowePort","@theCUBE","@UN","@Sciencetips_fr","@aeronewstv","@Zenith","@EngieCareers","@UNFCCC"
"@FerrariRaces","@BillieJeanKing","@kennyrodz","@lalitkhandelwal","@hmanning","@Isaiah_Thomas","@MzBullock","@OracleFreeRides","@PortofAntwerp","@vladan","@AMOrbit","@solarimpulse","@thalesgroup","@flacqua","@UnaBizIoT","@TechnoServe"
"@Indians","@Davos","@brisseaux","@JCtheOriginal","@CX_Joana","@j_n_s","@lindsaywwalker","@sagarwal","@PortofHamburg","@wholmes","@ctdpictures","@ert_eu","@cleansky_ju","@PublicisWW","@EthicsandBoards","@CNBC"
"@Ribbon081986","@ZacharyJeans","@TheorizStudio","@RuthPeters2","@xwang_","@CiscoLive","@CleoKitty","@CassityColleen","@lloydsloading","@CTOAdvisor","@steelguru","@Airgas","@ESCPeurope","@fallon","@anabustocano","@Fi_Global"
"@Berfs1","@ParkerHarris","@AdobeSummit","@aoladi","@maxieschmidt","@JoeCozCisco","@PublicCityPR","@Forbes","@techreview","@cloudnativeapps","@Audi_Online","@bertrandpiccard","@clarivate","@PublicisLondon","@Siradel3D","@TheBatteryShow"
"@Jauffers","@PattyArquette","@Illustrator","@lannyscohen","@JenniferWise","@thenerdyteacher","@kirstinroundy","@chuckhollis","@KNSeafreight","@mikefoley","@CecilBalmond","@Imag_ing","@RollsRoyce","@saatchilondon","@AmiensMetropole","@ContiTech"
"@FRiFFest","@aplusk","@mikelmuruzabal","@Salesforce","@caseysteve","@CiscoTacOps","@GEtransport","@OracleProfit","@PortOfRotterdam","@pivotal","@BalmondStudio","@Total","@BellHelicopter","@PublicisItaly","@ENGIEGroup","@solvaygroup"
"@BruceDawson0xB","@SalesforceU","@WaltDisneyWorld","@this_is_bud","@jim_nail","@jacobm","@anu_rammohan","@oraclesocial","@FRUITLOGISTICA","@vRealizeAuto","@oxbotica","@FDarchis","@vguillermard","@Europe1","@SchneiderElec","@ert_eu"
"@Datpinkpandatv","@CherieBlairFndn","@VinnieHobbs","@Celent_Research","@frankgillett","@JasonSilva","@thedjsno","@kellisontaylor","@NicGoodmaritime","@eck79","@metalogicltd","@SEPPIC","@diota_ar","@PublicisHealth","@Power4All2025","@CarlosCampillos"
"@DeltgenDavid","@Bluewolf","@PhotoJoJohnson","?https","@Efma_news","@CiscoCollab","@currentbyge","@OracleSMB","@IBM","@Dell","@macleans","@salondubourget","@Aerocontact_job","@Airbnb","@heliatek","@WBCSD"
"@SkyLake311","@SanjBhayro","@TheTechMuseum","@pduboe","@JulieAsk","@Viptela","@F1HamFan","@ExploreOracle","@ThePhotoHour","@davidmdavis","@PaulPolman","@Corinne_Bordry","?At","@StarcomWW","@gazafg","@suez"
"@tupcdeocasion","@Stemettes","@clarkorr","@BNPParibas","@lkoetzle","@TomTom","@Mckayisaac","@ZDNet","@business_chief","@vExpert","@bigten","@hellotmrc","@GEAviation","@LinkedInMktg","@IsabelleKocher","@LamiaAN"
"@tonyromo","@SuzanneDiBianca","@CraigWinslow","@HPE","@ASocialFace","@aidan_downer","@RileyChi2","@ATT","@Agility","@CRN","@Skansk","@FutureLearn","@Exploradome","@MediaPost","@ENGIE_IneoFR","@IDTechExShow"
"@JacBurns_Comext","@cciauri","@Marriott","@CapgeminiIndia","@adage","@CiscoCitizen","@KO_or_TAP","@BLOODHOUND_SSC","@mikko","@MarcHuppert","@Mi","@IT_technologies","@Prodways","@Campaignmag","@IHS","@hipolinkorg"
"@TPCSawgrass","@flyvictor","@Rob_Zilla_III","@gmodi25","@fredgiron","@vRad","@Ganeshbell","@LinkedIn","@GaPorts","@jasemccarty","@SKFgroup","@airliquidenergy","@laetitia_huart","@RTLFrance","@AlexAC21","@deBotech_Inc"
"@IEM","@cyril_louis","@oliverwenz","@PerryStoneman","@kateleggett","@FranKatsoudas","@GeorgetownSFS","@michaeloneworld","@AkzoNobel","@JoeBaguley","@vincentmaurin","@ACM_Media","@BoeingFrance","@BBHNewYork","@engiegroup","@ICOMNAMS2017"
"@FR35_Mickael","@shivanathd","@hawrafintl","@Azure","@SharVanBoskirk","@dhinchcliffe","@greeniejoey","@ZachNelson","@worldmaritimene","@lenzker","@MonarchieBe","@ParisDiderot","@setolivier","@digitas","@ClimateKIC","@circulareconomy"
"@evankirstel","@Forbes","@JessieTheBean","@ALThieullent","@WSJ","@evankirstel","@generalelectric","@CNBC","@Reuters","@OpenStack","@toyota_europe","@UnderThePole","@ESO","@Starcom_USA","@FondationFACE","@hellotmrc"
"@arrahman","@salesforcejobs","@Patron","@DuckCreekTech","@CMOAustralia","@jsarinus","@msgbu","@warriors","@aksalmonsisters","@vmwCF","@SMDISteel","@SpeachMe_EMEA","@embraer","@agathebousquet","@LaTribuneBdx","@ecovadis"
"@Mariners","@Citi","@featherfolio","@CapgeminiBusSvc","@carldoty","@Shawn_Wargo","@alieward","@azavery","@DP_WorldYarimca","@virtualjad","@_digital_impact","@Diabeloop","@Rafale_Display","@Elysee","@eaudeparis","@COP23"
"@VokeVR","@MadMoneyonCNBC","@fqwimages","@backbase","@CarnivalPLC","@NASDAQ","@GELighting","@Entrepreneur","@qtttutors","@Atos","@USAinUK","@j_delafosse","?https","@LADN_EU","@TfL","@MMens"
"@Eliza_McNitt","@TonyRobbins","@FortuneMagazine","@CapgeminiUKppl","@MobileMktrDaily","@susiewee","@FemiAbodunde","@Skillcrush","@DHLsupplychain","@vPedroArrow","@SkodaPlzen","@ZelrosAI","@AirbusGroup","@Strategies","@MarieBerlioz","@EU_Commission"
"@A_H_Escovedo27","@AdamMGrant","@KPunkka","@Idean","@martinjohngill","@TalosSecurity","@LynnRobertsKW","@ITA_Tennis","@LogisticsMgmt","@_dirkhh","@ISSF1","@GroupeCarrefour","@CNRS","@Adweek","@PetroleEtGaz","@MonarchieBe"
"@Tom_Gere","@CNBC","@gunnarolla","@vadakkepat","@DSBieler","@NBA","@Massie68","@oauxcloud","@DrewryShipping","@VMwareEducation","@emmagpt","@SolidiaCO2","@emirates","@hchevrillon","@FondationEngie","@IFPENinnovation"
"@LinkinPark","@MakepositiveV","@crassociati","@wfsullivan3","@nytimes","@MonicaZent","@Christyyyay","@OracleWomenLead","@Nextlevelinfo","@vmwaretelco","@FosterPartners","@RIVEevent","@trambi_78","@PublicisUK","@strasbourg","?Let"
"@JustCause","@MeetooApp","@Tobiashagg","@TheRudinGroup","@lauriesullivan","@IrmaRaste","@HarvardBiz","@GretchenA","@markets","@dumeirell","@PreferredNet","@CNES","@fhollande","@bfmbusiness","@GroupeCarrefour","@ABBRobotics_UK"
"@virgiliocorrado","@YouTube","@lyft","@LYONSCG","@RHartCX","@Spotify","@JimCramer","@flancon","@felixstowe_port","@anthonyspiteri","@theiirc","@imag_ing","@ThalesAerospace","@adliterate","@Le_Figaro","@EY_Belgium"
"@RedAntsPants","@Facebook","@Lightroom","@davidbrear","@guarini12","@RedCross","@TheCrypticOmega","@Oracle_India","@WSJ","@Sunny_Dua","@EuroBeton","@Thom_astro","@PAFofficiel","@fallonlondon","@Michelin","@BonnGlobal"
"@cloudpreacher","@BloombergTV","@sjpretorius","@VivaTech","@jeff_pollard2","@CiscoEWN","@7iluga","@OracleHealthSci","@PortEverglades","@FortuneMagazine","@HiltiGB","@neiter_viviane","@Elysee","@performics","@RobecoSAM","@ESCPeurope"
"@ekai","@diginomica","@espiekermann","@Lilismart_fr","@ZyingNg","@CiscoEnterprise","@backrow_media","@OracleCX","@portries","@FrankDenneman","@RoyalMail","@joinstationf","@AvgeeksFR","@Heineken","@rolandgarros","@babgi"
"@cliffski","@Eurostar","@hotamr","@danoriordan","@CynjaChaseC","@obussmann","@nurse2103","@OracleEPMCloud","@VisitSavannah","@ybhighheels","@TheEconomist","@CSUG_Alpes","@armeedeterre","@blue449","@GroupePSA","@Technyl"
"@Tigers","@CleanPowerSF","@JontyHurwitz","@IBM","@rskin11","@LinkedIn","@Shibumi101","@CIOonline","@Gulftainer","@theseanodell","?https","@passerellesNume","@AviondesMetiers","@PublicisSapient","@EIAgov","@CPELyon"
"@iheartvart","@KONECorporation","@justharm","@HfSResearch","@nickjb","@rjacoby15","@JeremyinAkron","@DeborahMeaden","@mae","@ray_ofarrell","@YouTube","@PKN_ORLEN","@HexcelCorp","@PublicisNA","?https","@pintofscience"
"@Marlins","@slpng_giants","@rosakammermeier","@AlexBulat","@DaveBartoletti","@JimmyKimmelLive","@NBA","@dlynnesampson","@Damco","@ericsiebert","@damen","@KPMG_France","@Fond_CGenial","@UN","@Gecina","@SolarImpulse"
"@IIoT_World","@IBMcloud","@lookonmedia","@salesforce","@bcpurcell","@Handisco","@EnergyVlge","@OracleOpenWorld","@HenningMorgen","@tenthirtyam","@MadeinSteel","@franceinfo","@anthonypecchi","@regionpaca","@lemondefr","@SJSInstitute"
"@tosakam1","@SocialTalent","@acolorbrown","@Informatica","@ZDNet","@MaciejKranz","@KSA24","@Overhead_Door","@Logisticsnewsme","@lamw","@BorisJohnson","@Bpifrance","@fchopard71","@Google","@Diya_One","@SylvieGendreau"
"@MichaelBalisi_","@AliciaKeys","@julieannekost","@wcarrara","@PaulMiller","@QuincyAcy","@wsj","@AngWWells","@BlueVoyageTV","@widmerkarl","@TubosReunidos","@bfmbusiness","@B2Bbrands","@FTCulture","@sciencespo","@agnes_dittmar"
"@VRMCorp","@TFerriss","@kendricklamar","@McDonalds","@glennodonnell","@security_craig","@lenovo","@SavingGorillas","@cnbcbernie","@Samsung","@garciarama","@Poizotte","@Brigitte_Ba","@gunnreport","@Eurogas_Eu","@ProcurementMag"
"@goatboy10117","@TheEconomist","@OrlandoArocena","@Engerati","@dipanjantweet","@BusinessInsider","@CaroleMyers","@SmarterCX","@IBMNews","@sumit_dhawan","@DONGEnergy","@ITMPowerPlc","@INSEP_PARIS","@leoburnett","@NPL","@im_mining"
"@theRSC","@Lagarde","@skrillex","@awscloud","@gcolony","@CiscoSystems","@hangWHITme","@AICPA","@voguemagazine","@vmwarehorizon","@fblorrainenord","@Techstars","?Helicopter","@TheStevieAwards","@Paris","?https"
"@PixelPoolPDX","@SFBusinessTimes","@AdobeXD","@CapgeminiUKPR","@mb_analyst","@IanGertler","@keechaax3","@techreview","@SeatradeME","@Docker","@DriveUsingSteel","@BillGates","@AvWeekEvents","@SaatchiNewYork","@IRENA","@BoeingAirplanes"
"@Akrock05708451","@BOLDforce","@albertdrosphoto","@Predix","@USATODAY","@MarkelleF","@thomasptak","@cbronline","@girlaboutthames","@linuxfoundation","@GarciaRama","@iterorg","@fatima_zaraba","@DIESEL","@JDefteriosCNN","@BASF"
"@PyeongChang2018","@SalesforceDevs","@Netflix","@CuprisHealth","@AmerBanker","@ECGladden","@carlie0928","@Enterprise_Time","@IB","@itzikr","@EuroCarBody","@PragmaFuelCells","@RCAlxd","@pascalnessim","@EngieGroup","@AmChemistry"
"@SansarOfficial","@Girlforce1","@lafrohemien","@the_cipl","@jhammond","@carlsolder","@lady_ornge","@pandoramusic","@Fruit_Logistica","@alanrenouf","@carolaparisi72","@Zelros","@usinenouvelle","@WSJ","@RoyalSegolene","@Henkel"
"@intelnews","@dvdkliu","@cathieu","@MagdaMatell","@CMO_com","@jazzythemogul","@john12680","@JudithSimOracle","@EU_Commission","@Lost_Signal","@FlatsForward","@RoxanneVarza","@editionsprivat","@FRANCE24","@LADN_EU","@Boeing"
"@RoblemVR","@girlscouts","@creativecloud","@Oracle","@1Carrobertson","@Cisco_Mobility","@pinch_mor","@stevenrmiranda","@Svi","@osterholta","@GreatOrmondSt","@Fond_UGA","@EmmanuelMacron","@LesEchos","@lenergeek","@JECComposites"
"@halordbo","@IDC","@SFMOMA","@timoreilly","@Forrester_Tap","@Bryankorourke","@beena_ammanath","@dalepd","@ndr","@Apteligent","@TodaDogs","@PartechShaker","@LH_LeHavre","@AdobeUK","@BrandFinance","@BentleyMotors"
"@5GWorldSeries","@IndyEleven","@matthewshlian","@11FSTeam","@CollinColburn","@AnnekaSvenska","@GE_Foundation","@infoworld","@pecelibaykus","@cswolf","@ArupGroup","@AIRLAB_Airparif","@FlyingHighRyan","@PublicisSG","@PaulPolman","@GKNAero"
"@TheMisterFavor","@Amazon","@benoitchalland","@mstine","@jmcbain","@BBCWorld","@FortuneMagazine","@OracleDatabase","@GulfCXAwards","@mikeroySoft","@NewNYBridge","@LatecoereGroup","@Thom_astro","@PublicisMediaFr","@MuCEM_Officiel","@SolvayDental360"
"@stshank","@KerryTownsend","@leonardoworx","@DavidWBlackwood","@AusztralTom","@AllStarCode","@gryffinofficial","@PaulSonderegger","@JFHILLEBRAND","@cliffcahill","@SteelTechnology","@AFGNV","@LockheedMartin","@TechCrunch","@CNNFrancePR","@Cefic"
"@Affaan","@Ellevest","@designerfund","@lpcorp","@P_Wannemacher","@johannakoll","@Dfrodl","@TrunkClub","@mikesellersPIP","@bckirsch","@Ford","@Solarimpulse","@LesClesDeDemain","@digitaslbi","@Orange_France","@UNEP"
"@Angels","@CloudGalacticos","@Topshop","@BigIssue","@Adweek","@bfeld","@AerionCorp","@OracleCommerce","@erikboots1","@surbonas","@Silvano_A","@FCHEA_News","@_Hachim_","@FabienNamias","@Delaplace_pro","@TireTechEXPO"
"@mashable","@SallieKrawcheck","@AdobeAd","@AmolDewhare","@CX_Network","@SpringpathInc","@GEaviation","@camillosperoni","@UPS","@VMUG_CEO","@AMM1882","@journaldunet","@HauteGaronne","@LVMH","@AxleZ","@Plast_Solutions"
"@ryan_a_bell","@GoCompare","@KattyKayBBC","@Forrester","@SacramentoKings","@YouTube","@AstroPeggy","@sdxcentral","@FRUIT_LOGISTICA","@do0dzZZ","@MarcyTwete","@Auto_Propre","@GdM_89","@sciencespo","@lemonde","@cnbcipr"
"@CES","@JohnCFremont","@davielson","@manishraj13","@nickhayes10","@HarvardBiz","@FastCompany","@Carbon","@cnbci","@cwestwater","@Xavier_Bettel","@ToyotaFrance","?Happy","@FastCompany","@France_en_Chine","@pieterdecrem"
"@DigitalYacht","@Glassdoor","@CarMax","@helene_wpli","@randfish","@smulpuru","@FIAFarnborough","@steveolenski","@IHS4Maritime","@amazonecho","@annie_heaton","@TKBlueAgency","@SafranAeroBoost","@fhollande","@thibaudheliatek","@DidierGosuin"
"@Windows","@tinytrailtrek","@typekit","@BillRMcDermott","@cmswire","@jdrosen2","@cinderellen","@OracleAcademy","@MaritimeInsight","@Vmware","@wcsteers","@Vivatech","@sigfox","@Forbes","@EnergyLiveNews","@SmartMediaBE"
"@SamsungMobile","@QuintilesIMS","@bwadekc","@AgnChmiel","@brendan_miller","@JimmyZincke","@acibGmbH","@moat","@PhilipsLight","@WaveFrontHQ","@FortuneMagazine","@bertierluyt","?Mais","@CNN","@POWERmagazine","@OECD"
"@ApplePiYT","@akaCarioca","@CocaCola","@dominos","@TechTarget","?delivery","@ge_power","@IpsenLaura","@experimentarium","@_adam_armstrong","@ablf","@ASLaunchers","?Pour","@tomfgoodwin","@lemonde_cities","@ESCPEurAlumni"
"@RickKing16","@ToyaGatewood","@warriors","@peterlindell","@heidishey","@hoxtonanalytics","@jbaird02","@mbkumar","@Por","@CormacJHogan","@libreactu_fr","@GrenobleEcobiz","@Sa","@i24NEWS","@Mat_Lelievre","@Claire_Dorland"
"@ladygaga","@rajdeepdua","@SydWeiler","@vincent_thery","@ecollins31","@stevensonhs","@AstrosTracker","@dbtrends","@FruitOfTheLoom","@virtustream","@RapidMiner","@CERN","@CoupDePouceAsso","@lemondefr","@FFTennis","@wchemicalsummit"
"@ajitgaur","@Venturebeat","@dts_designs","@gunnarmenzel","@SamMerlivat","@pinsandneedle","@fastcompany","@thetracyaustin","@Fruitlogistica","@thenewstack","@bauforumstahl","@sigfox","@franceinfo","@publicisgroupe","@BacklightParis","@hchevrillon"
"@Bellagio","@MarkHawkins","@lil_chen","@InnovatorsRace","@JoannaColes","@lizcentoni","@Chiefs","@Bloodhound_SSC","@MercoPressNews","@kmruddy","@EUROFER_eu","@WeDemain","@CCIParis_Export","@TripAdvisorFR","@New_World_Wind","@Jujuaquaesextia"
"@IntelAI","@Perkbox","@Wunderman","@Gartner","@MarketingEds","@makower","@amazonecho","@rwang0","@PeterTirschwell","@puppetize","@SteelsYourWorld","@Le_Progres","@byMBDA","@MarcelSyd","@slpng_giants_fr","@Polytechnique"
"@f_hispano","@SMTaylor_83","@EmpireStateBldg","@SashaVayner","@bizrateinsights","@CEOAction","@Greenquoi","@businessinsider","@nnsavvides","@awscloud","@EconomistEvents","@JDNEvents","@DroneHivefr","@prweek","@_Groupe_Korian","@smecommunity"
"@surface","@GoogleCloud","@tracieching","@mturner528","@FedTechMagazine","@CharronElliott_","@Cambunch","@LDavenport76","@ConnectAmericas","@settlersoman","@AMTemirtau","@speachme","@DelairTech","@SaatchiX","@T","@davos"
"@chboursin","@Apple","@cadenas_carlo","@MGrodzinski","@acav","@LiveNation","@MikeOghia","@dailymuse","@A","@pfazzone","@RosLund1","@hchevrillon","?22","@Orange_France","@epe_asso","@deuxbeck"
"@Nikki_T","@LennyKravitz","@colossalmedia","@emmanuellochon","@allegraburnette","@BigHTom","@GOBLUE4EVR","@oracleugs","@WMUHQ","@Azure","@madeinsteel","?production","@cdumas_ambFr","@3PercentConf","@LNGkaren","@POTUS"
"@cyn42","@Vetforce","@FinnHarries","@rtolido","@Glassdoor","@NickJonas","@business","@JoellenShendy","@TOCWorldwide","@Virten","@WBCSD","@franceinter","@LUsineDigitale","@NurunParis","@lemondelenergie","@BrusselsAirport"
"@dave6018","@szmusic23","@PeteSouza","@hardeepw","@Marketingland","@jaybaer","@pdoublu","@makerfaire","@cmacgm","@tony_dunn","@VW","@esa","@Hyperloop","@BosBizJournal","@ITf","@Carbopress"
"@SFGiants","@SalesforceVC","@HPE","@divya_kum","@mazherhashmi","@SimmonsLeads","@Upskillio","@AHA_BayArea","@PortsmouthPort","@SecureWorks","@FleetPortShip","@AirLiquidenergy","@groupe_excent","@TheAbundancy","@EngieBelgium","@BelgiumintheUSA"
"@collins_tycoons","@WeAreFarmers","@Swopes","@carykfarmer","@forbes","@CRN","@Pnkstarsapphire","@OracleSecurity","@PortMiami","@AVillarGarea","@TEHAmbrosetti","?v","@spacemen1969","@DigitasLBi_US","@vschachter","@Wa"
"@Nationals","@appexchange","@InDesign","@capgemini_aust","@ForresterLife","@ChicTalentDiva","@hphsengineering","@stratnews","@PlayfulLeeds","@Greencognito","@EBRD","@auto_propre","@Lilium_Aviation","@ArtBen","@Bpifrance","@3DPrint_com"
"@xXJay_Hawk02Xx","@SimonMulcahy","@alewnes","@sudhirpai2","@washingtonpost","@yelp","@BPSponaugle","@KPMG","@AmShipEric","@baskiyer","@NATO","@sebgrellier","@BrusselsAirport","@mozaikrh","@FeteleMur","@ULBruxelles"
"@PRAWLNTV","@SFGate","@debbiemillman","@Forbes","@sherylpattek","@Connected_Women","@DukeEnergy","@BlueAngels","@Port_Zeebrugge","@MichaelRyom","@jcmarcourt","@GM","@generalelectric","@VivaWomenUSA","@MEDEF_I","@Vlerick"
"@Ericsson","@FastCompany","@javierderiba","@pivotal","@CRM","@web20classroom","@synpromics","@apiaryio","@KNectMaritime","@MyVMUG","@Senat_Hamburg","@FL_Debes","@PCBFrance","@SalterbaxterMSL","@TheBosonProject","@CFigueres"
